Workbook

Sheet 00_קרא_אותי
A1: מודול ג׳ · בקרה תקציבית, תזרים וניתוח דאטה — חוברת עבודה
A2: ד״ר שי צבאן · יום עיון: הפרקטיקה הפיננסית והמיסויית ב-SME · כל הגיליונות עובדים באקסל למק ובאקסל לווינדוס
B5: החברה שבתרגיל | C5: טכנופיד בע״מ — יבואן ומפיץ ציוד היקפי למשרדים. מחזור שנתי כ-13.5 מיליון ש״ח, 9 עובדים, בעל שליטה יחיד (100%).
C6: לחברה מלאי (ולכן מחזור מזומן אמיתי), רכב חברה, יתרת בעלים פתוחה, ושלוש מחלקות: מכירות ישירות, ערוץ מפיצים, שירות ותמיכה.
C7: כל הנתונים בחוברת הם נתונים מלאכותיים שנבנו לצורך התרגול בלבד. אין בהם ייעוץ מס או ייעוץ פיננסי.
B9: איך קוראים את הצבעים | C9: תא צהוב = כאן אתם מקלידים את הנוסחה. תא אפור = נתון קיים, לא נוגעים. תא לבן = תוצאה שמתמלאת לבד.
B11: סדר העבודה | C11: 01 → 02 → 03 → 04 (ניקוי דאטה) ואז הכלים: 10, 11, 20, 30, 40. הגיליון 99 הוא מפתח הפתרונות המלא.
B13: דרישת גרסה | C13: אקסל במנוי Microsoft 365 (מק או ווינדוס). החוברת משתמשת ב-XLOOKUP, LET, FILTER, TEXTSPLIT, SEQUENCE.
C14: אין בחוברת Power Query, אין Power Pivot, אין מודל נתונים ואין מאקרו — בכוונה. כל דבר כאן ניתן לשחזור בכל מחשב בכיתה.
C15: בדיקת גרסה מהירה: הקלידו בתא ריק =LET(x,1,x) — אם מתקבל 1, הכול יעבוד. אם מתקבל #NAME? אתם על אקסל 2019 או ישן יותר.
C16: מי שקיבל #NAME?: הנוסחאות בגיליונות 04 ו-04 בלבד משתמשות ב-LET ולא יעבדו אצלכם. כל שאר הכלים בחוברת יעבדו במלואם.
C17: האילוץ שהחוברת נבנתה סביבו: כל נוסחה כאן מתנהגת זהה באקסל למק ובאקסל לווינדוס. לכן אין כאן Power Query, אין מודל נתונים, אין מאקרו, ואין CHAR (שמחזירה תו שונה בין המערכות).
B19: למה זה חשוב בפרקטיקה | C19: לקוח SME לא נופל בגלל דוח שנתי שגוי. הוא נופל בגלל שלא ידע שבעוד שישה שבועות אין לו מזומן למע״מ ולשכר באותו שבוע.
C20: ארבעת הכלים כאן הופכים את המשרד ממי שמדווח על העבר למי שמתריע על העתיד. זה בדיוק המעבר מרמת שירות 1 לרמת שירות 3.
B22: ארגז הכלים | C22: החוברת היא ארגז כלים, לא מצגת. חלק מהכלים נבנה יחד בכיתה, וחלק מגיע מוכן ומחכה לכם ליום שבו תצטרכו אותו.
C23: מה שנבנה בכיתה: גיליונות 04, 10, 11, 20, 30, 40. אלה שש המעבדות.
C24: מה שמגיע מוכן לשימוש עתידי: גיליון 50 (כמה עולה לתת ללקוח תנאי תשלום ארוכים) וגיליון 60 (תבנית תזרים ריקה ללקוח אמיתי).
C25: לא חייבים לגעת בהם היום. הם שם כדי שביום שלקוח ישאל ״כמה זה עולה לי לתת לו שוטף פלוס 90״, תהיה לכם תשובה תוך שתי דקות.
B27: הגיליונות
B28: 01_גולמי_בנק | C28: פלט בנק גולמי ומלוכלך, בדיוק כמו שהוא יורד מהאתר. חומר הגלם למעבדת ה-ETL.
B29: 02_גולמי_הנהח | C29: תנועות הנהלת חשבונות לשנת 2026 — ביצוע בפועל לפי חודש, מחלקה וסעיף.
B30: 03_מפתח_מיפוי | C30: טבלת התרגום: מילת מפתח בתיאור הבנק ← סעיף תקציבי. הלב של כל תהליך ETL.
B31: 04_ETL | C31: מעבדה 1: ניקוי הפלט הגולמי בנוסחאות בלבד — תאריך, סכום, תיאור, סיווג, זיהוי כפילויות.
B32: 05_תקציב | C32: התקציב המאושר לשנת 2026 לפי חודש וסעיף.
B33: 10_בקרה_תקציבית | C33: מעבדה 2: לוח בקרת ביצוע מול תקציב עם סטיות באחוזים והתראה על חריגה מעל 10%.
B34: 11_פער_מחיר_כמות | C34: מעבדה 2ב: פירוק הסטייה בהכנסות לשלושה גורמים — מחיר, כמות ותמהיל.
B35: 20_הון_חוזר | C35: מעבדה 3: DSO, DPO, DIO ומחזור המזומן (CCC), כולל שווי כספי של כל יום גבייה.
B36: 30_תזרים_13 | C36: מעבדה 4: תזרים מזומנים ל-13 שבועות עם עמוד שדרה של תשלומי מס ודירוג ודאות.
B37: 40_רולינג | C37: מעבדה 5: תחזית מתגלגלת 3+9 / 4+8 מול קו בסיס נעול.
B38: 50_כלי_אשראי_לקוח | C38: ארגז הכלים · מוכן לשימוש. מתרגם בקשה של לקוח לתנאי תשלום ארוכים לשקלים, ומחשב איזו הנחה שווה לתת תמורת תשלום מיידי.
B39: 60_תבנית_ריקה_תזרים | C39: ארגז הכלים · מוכן לשימוש. אותו מנוע של מעבדה 5 בלי נתונים, מוכן להזנת לקוח אמיתי.
B40: 99_פתרון | C40: כל הנוסחאות של כל התאים הצהובים, מוכנות להעתקה.
B42: מקרא
C43: להקליד נוסחה
C44: נתון קיים
C45: תוצאה אוטומטית

Sheet 01_גולמי_בנק
A1: פלט בנק גולמי · ינואר–יוני 2026
A2: בדיוק כפי שיורד מאתר הבנק: תאריכים בשני פורמטים, סכומים כטקסט, רווחים כפולים, וכפילויות. אל תתקנו ידנית.
A4: תאריך_גולמי | B4: תיאור_גולמי | C4: סכום_גולמי | D4: אסמכתא
A5: 4.1.26 | B5: חשמל - חברת החשמל | C5: (57,529 ₪) | D5: A780016
A6: 22.1.26 | B6: מוסך מורשה - טיפול 40 אלף | C6: (50,917 ₪) | D6: A780024
A7: 23.5.26 | B7: ציוד משרדי - אופיס דיפו | C7: (52,230 ₪) | D7: A780086
A8: 18/02/2026 | B8: מוסך מורשה - טיפול 40 אלף | C8: (43,383 ₪) | D8: A780037
A9: 7.3.26 | B9: חשמל - חברת החשמל | C9: (89,287 ₪) | D9: A780055
A10: 10.1.26 | B10: לקוח מגה טק בעמ | C10: 120,968 ₪ | D10: A780025
A11: 15/06/2026 | B11: כביש 6 - חיוב חודשי | C11: (9,211 ₪) | D11: A780098
A12: 19.1.26 | B12: עו"ד ליווי חוזים | C12: (49,990 ₪) | D12: A780015
A13: 06/05/2026 | B13: חשמל - חברת החשמל | C13: (49,121 ₪) | D13: A780089
A14: 04/02/2026 | B14: מסעדה - אירוח לקוח | C14: (231,345 ₪) | D14: A780034
A15: 10/05/2026 | B15: גוגל אדס - קמפיין חיפוש | C15: (54,102 ₪) | D15: A780078
... A105: 27.2.26 | B105: גוגל אדס - קמפיין חיפוש | C105: (64,884 ₪) | D105: A780031

Sheet 02_גולמי_הנהח
A1: תנועות הנהלת חשבונות · ביצוע בפועל 2026
A2: נתון קיים — אל תשנו. זהו מקור האמת לכל דוחות הבקרה.
A4: תאריך | B4: מספר_תנועה | C4: חודש | D4: מחלקה | E4: קבוצה | F4: סעיף | G4: סכום
A5: 46045 | B5: J41001 | C5: 1 | D5: מכירות ישירות | E5: הכנסות | F5: הכנסות ממכירות | G5: 506397
A6: 46046 | B6: J41002 | C6: 1 | D6: ערוץ מפיצים | E6: הכנסות | F6: הכנסות ממכירות | G6: 257099
A7: 46033 | B7: J41003 | C7: 1 | D7: שירות ותמיכה | E7: הכנסות | F7: הכנסות ממכירות | G7: 137672
A8: 46029 | B8: J41004 | C8: 1 | D8: מכירות ישירות | E8: הכנסות | F8: הכנסות משירות | G8: 4448
A9: 46032 | B9: J41005 | C9: 1 | D9: ערוץ מפיצים | E9: הכנסות | F9: הכנסות משירות | G9: 3880
A10: 46028 | B10: J41006 | C10: 1 | D10: שירות ותמיכה | E10: הכנסות | F10: הכנסות משירות | G10: 78709
A11: 46038 | B11: J41007 | C11: 1 | D11: מכירות ישירות | E11: עלות המכר | F11: עלות המכר | G11: 360359
A12: 46034 | B12: J41008 | C12: 1 | D12: ערוץ מפיצים | E12: עלות המכר | F12: עלות המכר | G12: 177899
A13: 46035 | B13: J41009 | C13: 1 | D13: שירות ותמיכה | E13: עלות המכר | F13: עלות המכר | G13: 96319
A14: 46032 | B14: J41010 | C14: 1 | D14: מכירות ישירות | E14: הוצאות תפעול | F14: שכר ונלוות | G14: 76455
A15: 46048 | B15: J41011 | C15: 1 | D15: ערוץ מפיצים | E15: הוצאות תפעול | F15: שכר ונלוות | G15: 45861
A16: 46037 | B16: J41012 | C16: 1 | D16: שירות ותמיכה | E16: הוצאות תפעול | F16: שכר ונלוות | G16: 23197
... A472: 46374 | B472: J41468 | C472: 12 | D472: שירות ותמיכה | E472: הוצאות תפעול | F472: הוצאות מימון | G472: 3315

Sheet 03_מפתח_מיפוי
A1: מפתח מיפוי · מילת מפתח ← סעיף תקציבי
A2: זו הטבלה שהופכת טקסט חופשי מהבנק לסיווג חשבונאי. הסדר קובע: הנוסחה עוצרת במילה הראשונה שנמצאה, ולכן מילה ספציפית חייבת להופיע מעל מילה כללית.
A4: מילת_מפתח | B4: סעיף | C4: קבוצה | D4: הערה
A5: שכר טרחה | B5: ייעוץ מקצועי | C5: הוצאות תפעול | D5: חייב להופיע לפני ״שכר״ בטבלה. אחרת ״שכר טרחה לרו״ח״ יסווג כמשכורת
A6: רו"ח | B6: ייעוץ מקצועי | C6: הוצאות תפעול | D6: מילה ספציפית לפני מילה כללית — זה הכלל החשוב ביותר בטבלת מיפוי
A7: עו"ד | B7: ייעוץ מקצועי | C7: הוצאות תפעול
A8: שכר | B8: שכר ונלוות | C8: הוצאות תפעול
A9: משכורת | B9: שכר ונלוות | C9: הוצאות תפעול
A10: ביטוח לאומי | B10: שכר ונלוות | C10: הוצאות תפעול
A11: פנסיה | B11: שכר ונלוות | C11: הוצאות תפעול
A12: שכירות | B12: שכר דירה ואחזקה | C12: הוצאות תפעול
A13: ארנונה | B13: שכר דירה ואחזקה | C13: הוצאות תפעול
A14: חשמל | B14: שכר דירה ואחזקה | C14: הוצאות תפעול
A15: דלק | B15: הוצאות רכב | C15: הוצאות תפעול
A16: ליסינג | B16: הוצאות רכב | C16: הוצאות תפעול
A17: מוסך | B17: הוצאות רכב | C17: הוצאות תפעול
A18: כביש 6 | B18: הוצאות רכב | C18: הוצאות תפעול | D18: הוצאה מוכרת רק אם נסיעה עסקית, נכנס לסל הרכב לצורך כלל 45%
A19: גוגל | B19: פרסום ושיווק | C19: הוצאות תפעול
A20: פייסבוק | B20: פרסום ושיווק | C20: הוצאות תפעול
A21: קמפיין | B21: פרסום ושיווק | C21: הוצאות תפעול
A22: קפה | B22: כיבודים ואירוח | C22: הוצאות תפעול | D22: כיבוד במקום העסק — 80% בלבד מוכרים
A23: מסעדה | B23: כיבודים ואירוח | C23: הוצאות תפעול | D23: אש"ל/אירוח — בדקו סיווג לפני שמכירים
A24: ציוד משרדי | B24: הוצאות משרד | C24: הוצאות תפעול
A25: דואר | B25: הוצאות משרד | C25: הוצאות תפעול
A26: סליקה | B26: עמלות סליקה | C26: הוצאות תפעול
A27: כרטיסי אשראי | B27: עמלות סליקה | C27: הוצאות תפעול
A28: ריבית | B28: הוצאות מימון | C28: הוצאות תפעול
A29: עמלת בנק | B29: הוצאות מימון | C29: הוצאות תפעול
A30: ספק | B30: עלות המכר | C30: עלות המכר
A31: יבוא | B31: עלות המכר | C31: עלות המכר
A32: מכס | B32: עלות המכר | C32: עלות המכר
A33: שחרור | B33: עלות המכר | C33: עלות המכר
A34: לקוח | B34: הכנסות ממכירות | C34: הכנסות
A35: העברה מלקוח | B35: הכנסות ממכירות | C35: הכנסות
A36: מע"מ | B36: תשלומי מס | C36: מס | D36: תנועת מס, לא הוצאה תפעולית. נכנסת לתזרים ולא לדוח רווח והפסד
A37: מקדמות | B37: תשלומי מס | C37: מס
A38: ניכויים | B38: תשלומי מס | C38: מס
A39: משיכת בעלים | B39: יתרת בעלים | C39: בעלים | D39: לא הוצאה. דגל אדום לסעיף 3(ט1) — לבדוק מול יתרת הבעלים

Sheet 04_ETL
A1: מעבדה 1 · ניקוי דאטה בנוסחאות (ETL ללא Power Query)
A2: E = שליפה, T = ניקוי והמרה, L = טעינה לטבלה אחידה. כל מה שכאן עובד זהה במק ובווינדוס ובכל שפת ממשק.
A3: הלוגיקה העסקית: הבנק לא יודע חשבונאות. הוא נותן טקסט חופשי, ואנחנו צריכים להפוך אותו לסעיף תקציבי מסווג — אחרת אי אפשר להשוות לתקציב.
A4: למה נוסחאות ולא Power Query: נוסחה רצה זהה בכל מחשב בכיתה, נראית לעין, וניתנת לביקורת. זו גם הסיבה שרואה חשבון יעדיף אותה בתיק עבודה.
A5: יישום נוסף: אותה שיטה בדיוק מנקה קובץ סליקה מכרטיסי אשראי, קובץ שכר מלשכת שירות, או דוח מכירות מ-ERP.
A6: שימו לב לפונקציה UNICHAR ולא CHAR: הפונקציה CHAR מחזירה תו שונה במק ובווינדוס, ולכן נוסחה שמנקה עם CHAR(160) תעבוד אצל חלק מהכיתה ותיכשל אצל השאר. UNICHAR זהה בכל מחשב.
A7: תאריך_גולמי | B7: תיאור_גולמי | C7: סכום_גולמי | D7: אסמכתא | E7: 1. תאריך תקין | F7: 2. סכום כמספר | G7: 3. תיאור נקי | H7: 4. סעיף | I7: 5. דגל כפילות
A8: ='01_גולמי_בנק'!A5 | B8: ='01_גולמי_בנק'!B5 | C8: ='01_גולמי_בנק'!C5 | D8: ='01_גולמי_בנק'!D5
A9: ='01_גולמי_בנק'!A6 | B9: ='01_גולמי_בנק'!B6 | C9: ='01_גולמי_בנק'!C6 | D9: ='01_גולמי_בנק'!D6
A10: ='01_גולמי_בנק'!A7 | B10: ='01_גולמי_בנק'!B7 | C10: ='01_גולמי_בנק'!C7 | D10: ='01_גולמי_בנק'!D7
A11: ='01_גולמי_בנק'!A8 | B11: ='01_גולמי_בנק'!B8 | C11: ='01_גולמי_בנק'!C8 | D11: ='01_גולמי_בנק'!D8
A12: ='01_גולמי_בנק'!A9 | B12: ='01_גולמי_בנק'!B9 | C12: ='01_גולמי_בנק'!C9 | D12: ='01_גולמי_בנק'!D9
A13: ='01_גולמי_בנק'!A10 | B13: ='01_גולמי_בנק'!B10 | C13: ='01_גולמי_בנק'!C10 | D13: ='01_גולמי_בנק'!D10
A14: ='01_גולמי_בנק'!A11 | B14: ='01_גולמי_בנק'!B11 | C14: ='01_גולמי_בנק'!C11 | D14: ='01_גולמי_בנק'!D11
A15: ='01_גולמי_בנק'!A12 | B15: ='01_גולמי_בנק'!B12 | C15: ='01_גולמי_בנק'!C12 | D15: ='01_גולמי_בנק'!D12
A16: ='01_גולמי_בנק'!A13 | B16: ='01_גולמי_בנק'!B13 | C16: ='01_גולמי_בנק'!C13 | D16: ='01_גולמי_בנק'!D13
A17: ='01_גולמי_בנק'!A14 | B17: ='01_גולמי_בנק'!B14 | C17: ='01_גולמי_בנק'!C14 | D17: ='01_גולמי_בנק'!D14
A18: ='01_גולמי_בנק'!A15 | B18: ='01_גולמי_בנק'!B15 | C18: ='01_גולמי_בנק'!C15 | D18: ='01_גולמי_בנק'!D15
A19: ='01_גולמי_בנק'!A16 | B19: ='01_גולמי_בנק'!B16 | C19: ='01_גולמי_בנק'!C16 | D19: ='01_גולמי_בנק'!D16
... A108: ='01_גולמי_בנק'!A105 | B108: ='01_גולמי_בנק'!B105 | C108: ='01_גולמי_בנק'!C105 | D108: ='01_גולמי_בנק'!D105
A111: בקרת איכות הניקוי
A112: שורות שנקלטו
A113: שורות שלא סווגו
A114: שורות שסומנו ככפילות
A115: סה"כ תקבולים בקובץ (ללא כפילויות)
A116: סה"כ תשלומים בקובץ (ללא כפילויות)
A117: סה"כ תשלומי מס בתקופה
A118: סה"כ משיכות בעלים ← דגל 3(ט1)
A120: הקובץ הוא מדגם תנועות בנק לחצי שנה לצורך תרגול ניקוי, ולא דוח תזרים מלא. קשר לפרקטיקה: השורה האחרונה היא הדגל האדום. משיכות בעלים שמצטברות בבנק הן בדיוק מה שהופך לחיוב לפי סעיף 3(ט1) בסוף השנה שאחרי. מי שרואה את זה ביוני, יכול לתקן. מי שרואה את זה במרץ הבא, משלם מס.

Sheet 05_תקציב
A1: התקציב המאושר · 2026
A2: נתון קיים. התקציב אושר בדצמבר 2025 ולא עודכן מאז — בדיוק הבעיה שמעבדה 5 פותרת.
A4: חודש | B4: חודש_מספר | C4: מחלקה | D4: קבוצה | E4: סעיף | F4: תקציב
A5: ינואר | B5: 1 | C5: מכירות ישירות | D5: הכנסות | E5: הכנסות ממכירות | F5: 491040
A6: ינואר | B6: 1 | C6: ערוץ מפיצים | D6: הכנסות | E6: הכנסות ממכירות | F6: 267840
A7: ינואר | B7: 1 | C7: שירות ותמיכה | D7: הכנסות | E7: הכנסות ממכירות | F7: 133920
A8: ינואר | B8: 1 | C8: מכירות ישירות | D8: הכנסות | E8: הכנסות משירות | F8: 4140
A9: ינואר | B9: 1 | C9: ערוץ מפיצים | D9: הכנסות | E9: הכנסות משירות | F9: 4140
A10: ינואר | B10: 1 | C10: שירות ותמיכה | D10: הכנסות | E10: הכנסות משירות | F10: 74520
A11: ינואר | B11: 1 | C11: מכירות ישירות | D11: עלות המכר | E11: עלות המכר | F11: 319176
A12: ינואר | B12: 1 | C12: ערוץ מפיצים | D12: עלות המכר | E12: עלות המכר | F12: 174096
A13: ינואר | B13: 1 | C13: שירות ותמיכה | D13: עלות המכר | E13: עלות המכר | F13: 87048
A14: ינואר | B14: 1 | C14: מכירות ישירות | D14: הוצאות תפעול | E14: שכר ונלוות | F14: 81180
A15: ינואר | B15: 1 | C15: ערוץ מפיצים | D15: הוצאות תפעול | E15: שכר ונלוות | F15: 44280
A16: ינואר | B16: 1 | C16: שירות ותמיכה | D16: הוצאות תפעול | E16: שכר ונלוות | F16: 22140
... A472: דצמבר | B472: 12 | C472: שירות ותמיכה | D472: הוצאות תפעול | E472: הוצאות מימון | F472: 3263

Sheet 10_בקרה_תקציבית
A1: מעבדה 2 · לוח בקרת ביצוע מול תקציב
A2: SUMIFS הוא מנוע הבקרה. בחרו מחלקה ותקופה למעלה, והלוח כולו מתעדכן.
A3: מחלקה: | B3: הכל | D3: הלוגיקה: SUMIFS סוכם את כל השורות שעונות בו-זמנית על כמה תנאים. זה בדיוק מה שמנהל שואל — ״כמה הוצאנו על שיווק במחלקת המפיצים ברבעון הראשון״.
A4: מחודש (1-12): | B4: 1 | D4: הכלל שנלמד: אל תסננו נתונים ידנית. תמיד תנאי בנוסחה. סינון ידני לא ניתן לשחזור בחודש הבא, ולכן גם לא ניתן לביקורת.
A5: עד חודש (1-12): | B5: 6 | D5: יישום נוסף: אותו מנגנון בדיוק מייצר דוח רווחיות לפי לקוח, לפי פרויקט או לפי סניף.
A7: סעיף | B7: קבוצה | C7: תקציב לתקופה | D7: ביצוע בפועל | E7: סטייה ₪ | F7: סטייה % | G7: התראה | H7: % מהמחזור
A8: הכנסות ממכירות | B8: הכנסות
A9: הכנסות משירות | B9: הכנסות
A10: עלות המכר | B10: עלות המכר
A11: שכר ונלוות | B11: הוצאות תפעול
A12: שכר דירה ואחזקה | B12: הוצאות תפעול
A13: הוצאות רכב | B13: הוצאות תפעול
A14: פרסום ושיווק | B14: הוצאות תפעול
A15: כיבודים ואירוח | B15: הוצאות תפעול
A16: הוצאות משרד | B16: הוצאות תפעול
A17: עמלות סליקה | B17: הוצאות תפעול
A18: ייעוץ מקצועי | B18: הוצאות תפעול
A19: פחת | B19: הוצאות תפעול
A20: הוצאות מימון | B20: הוצאות תפעול
A23: מדדי מפתח לתקופה
A24: מחזור בפועל
A25: עלות המכר בפועל
A26: רווח גולמי
A27: שיעור רווח גולמי
A28: שיעור רווח גולמי בתקציב
A29: פער שיעור הרווח הגולמי (נקודות אחוז)
A30: רווח תפעולי בפועל
A32: קשר לפרקטיקה — מודול א׳: שורת ״פער שיעור הרווח הגולמי״ היא בדיוק המדד שפקיד השומה מסתכל עליו. סטייה של יותר מנקודת אחוז אחת מהענף או מהשנה הקודמת היא הטריגר הנפוץ ביותר לשומה לפי מיטב השפיטה. עדיף שתגלו אותה ברבעון, לא בדיון.
A33: יישומים נוספים: אותו לוח משמש לבקרת פרויקטים (במקום מחלקה — פרויקט), לבקרת סניפים, ולמעקב אחר עמידה בתנאי קובננט בנקאי.

Sheet 11_פער_מחיר_כמות
A1: מעבדה 2ב · פירוק הסטייה: מחיר, כמות ותמהיל
A2: ״ההכנסות מתחת לתקציב״ זו לא תשובה. התשובה היא כמה מזה מחיר, כמה כמות, וכמה תמהיל.
A3: הלוגיקה העסקית: אותה סטייה כספית מחייבת שלוש פעולות ניהוליות שונות לגמרי. פער מחיר = בעיית תמחור או הנחות. פער כמות = בעיית ביקוש או אנשי מכירות. פער תמהיל = מכרנו את המוצר הלא נכון.
A4: שלושת החישובים: פער מחיר = (מחיר בפועל פחות מחיר תקציב) כפול הכמות בפועל. פער כמות טהור = כמה יחידות נוספות מכרנו סך הכול, מוערך לפי התמהיל והמחירים שתוכננו. פער תמהיל = כמה מהיחידות האלה היו מוצר אחר מזה שתוכנן.
A5: שימו לב: הכמויות מסוכמות בין מוצרים בעלי מחירים שונים מאוד. זו בדיוק הסיבה שפער התמהיל יוצא גדול — מכרנו הרבה יותר יחידות, אבל הן היו האביזרים הזולים ולא המדפסות היקרות. זו התובנה, לא תקלה.
A6: יישום נוסף: אותו פירוק עובד על עלויות (תעריף מול שעות), על שכר (עלות עובד מול מספר עובדים) ועל רכש (מחיר יחידה מול כמות שנרכשה).
A7: קבוצת מוצר | B7: כמות תקציב | C7: מחיר תקציב | D7: הכנסה תקציב | E7: כמות בפועל | F7: מחיר בפועל | G7: הכנסה בפועל | H7: סטייה כוללת | I7: פער מחיר | J7: פער כמות | K7: פער תמהיל
A8: מדפסות | B8: 1180 | C8: 3250 | E8: 1042 | F8: 3095
A9: מסכים | B9: 2640 | C9: 1480 | E9: 2905 | F9: 1425
A10: אביזרים | B10: 9800 | C10: 168 | E10: 11450 | F10: 159
A11: שירות ואחריות | B11: 640 | C11: 1800 | E11: 588 | F11: 1955
A12: סה"כ
A14: קשר לפרקטיקה: אם רוב הסטייה השלילית היא פער מחיר, ההנחות שנתן מנהל המכירות אכלו את הרווח — ובדוח לרשות המסים זה יופיע כירידה בשיעור הרווח הגולמי, שהיא בדיוק מוקד הסיכון בשומה. אם רוב הסטייה היא כמות, זו בעיה שיווקית ולא חשבונאית.
A15: קריאת התוצאה בתרגיל: הכמות הכוללת עלתה, ולכן פער הכמות חיובי ומשמעותי. אבל פער התמהיל שלילי בסדר גודל דומה, כי הגידול הגיע מאביזרים בשקלים בודדים ולא ממדפסות. בתוספת הנחות המחיר, התוצאה נטו שלילית. ללקוח צריך להגיד: המכירות ״גדלו״ אבל הרווח ירד, וזו לא סתירה.
A16: שאלת בקרה למשתתפים: באיזו קבוצת מוצר הרווחנו בכמות אבל הפסדנו במחיר? מה הייתם ממליצים ללקוח לעשות עם הקבוצה הזו?

Sheet 20_הון_חוזר
A1: מעבדה 3 · הון חוזר ומחזור המזומן (CCC)
A2: שלושה מספרים שמסבירים למה חברה רווחית יכולה להיות בלי מזומן.
A3: הלוגיקה העסקית: רווח הוא דעה, מזומן הוא עובדה. DSO = כמה ימים לוקח לגבות מלקוח. DPO = כמה ימים לוקח לנו לשלם לספק. DIO = כמה ימים סחורה יושבת במלאי.
A4: מחזור המזומן CCC = DSO + DIO פחות DPO. זה מספר הימים שבהם הכסף שלכם נמצא אצל מישהו אחר. ככל שהוא גבוה יותר, כך אתם מממנים את הלקוחות שלכם מהכיס.
A5: יישום נוסף: CCC הוא הטיעון החזק ביותר מול הבנק בבקשת מסגרת אשראי, והוא גם מה שקונה פוטנציאלי בודק ראשון בבדיקת נאותות.
A7: חודש | B7: מחזור | C7: עלות המכר | D7: יתרת לקוחות | E7: יתרת ספקים | F7: יתרת מלאי | G7: DSO | H7: DPO | I7: DIO | J7: CCC
A8: ינואר | B8: 995690 | C8: 609616 | D8: 2429363 | E8: 845343 | F8: 923902
A9: פברואר | B9: 973572 | C9: 595321 | D9: 1948805 | E9: 945172 | F9: 1065890
A10: מרץ | B10: 1138834 | C10: 706543 | D10: 2875498 | E10: 920325 | F10: 1114719
A11: אפריל | B11: 1095267 | C11: 670115 | D11: 2438505 | E11: 1137220 | F11: 1171620
A12: מאי | B12: 1071387 | C12: 667954 | D12: 2423375 | E12: 971389 | F12: 1109696
A13: יוני | B13: 1158864 | C13: 707315 | D13: 2815836 | E13: 1049778 | F13: 1091641
A14: יולי | B14: 995431 | C14: 604242 | D14: 2016491 | E14: 902662 | F14: 1117229
A15: אוגוסט | B15: 941986 | C15: 569225 | D15: 2078719 | E15: 840104 | F15: 1064600
A16: ספטמבר | B16: 1301767 | C16: 776908 | D16: 2757555 | E16: 1181745 | F16: 1177808
A17: אוקטובר | B17: 1316860 | C17: 775871 | D17: 2900601 | E17: 1117743 | F17: 1316129
A18: נובמבר | B18: 1220404 | C18: 719960 | D18: 3160579 | E18: 1029079 | F18: 1273344
A19: דצמבר | B19: 1434967 | C19: 892607 | D19: 3452804 | E19: 1417796 | F19: 1644723
A22: הלֶבֶר: כמה שווה יום אחד
A23: ממוצע DSO שנתי (ימים)
A24: ממוצע CCC שנתי (ימים)
A25: מחזור יומי ממוצע
A26: שווי קיצור יום גבייה אחד
A27: יעד קיצור DSO (ימים) — שנו את המספר | B27: 7
A28: מזומן שישתחרר מיד
A29: חיסכון ריבית שנתי בריבית 8%
A32: יתרת בעלים — הדגל של מודול ב׳
A33: יתרת בעלים לסוף השנה | B33: 486000
A34: מועד החיוב לפי סעיף 3(ט1) | B34: תום השנה שלאחר שנת המשיכה
A36: קשר לפרקטיקה — מודול ב׳: יתרת בעלים היא הון חוזר לכל דבר, רק שהיא ממומנת על ידי החברה ומייצרת חבות מס. אם ה-CCC גבוה וגם יתרת הבעלים גבוהה, החברה מממנת גם את הלקוחות וגם את הבעלים — וזו בדיוק הנקודה שבה נגמרת המסגרת בבנק.
A37: שאלת בקרה: אם נקצר 7 ימי גבייה, האם זה מספיק כדי לסגור את יתרת הבעלים לפני מועד החיוב?

Sheet 30_תזרים_13
A1: מעבדה 4 · תזרים מזומנים ל-13 שבועות
A2: 13 שבועות = רבעון. מספיק רחוק כדי להספיק לפעול, מספיק קרוב כדי שהמספרים יהיו אמיתיים.
A3: הלוגיקה העסקית: דוח רווח והפסד אומר אם העסק רווחי. תזרים 13 שבועות אומר אם העסק ישרוד עד סוף הרבעון. אלה שתי שאלות שונות ולשתיהן יכולות להיות תשובות הפוכות.
A4: דירוג ודאות 1 עד 5: 5 = כסף שכבר בדרך (הוראת קבע, שכר). 1 = הבטחה בטלפון. התרחיש הפסימי מכבה כל שורה שדירוגה נמוך — כך רואים מה קורה אם רק הוודאי מתממש.
A5: עמוד השדרה של תשלומי המס: מע"מ, מקדמות מס הכנסה וניכויים 102 הם התשלומים שמפילים SME, כי הם גדולים, קבועים במועד, ולא ניתנים לדחייה. לכן הם שורות קבועות ולא ״הוצאות אחרות״.
A7: תרחיש: | B7: בסיס | D7: אופטימי = 110% מהתקבולים · בסיס = 100% · פסימי = רק שורות בדירוג ודאות 4-5, ותקבולים ב-85%
A8: יתרת פתיחה: | B8: 285000
A9: מסגרת אשראי: | B9: 600000
A11: שורה | B11: ודאות | C11: ש1 05/07 | D11: ש2 12/07 | E11: ש3 19/07 | F11: ש4 26/07 | G11: ש5 02/08 | H11: ש6 09/08 | I11: ש7 16/08 | J11: ש8 23/08 | K11: ש9 30/08 | L11: ש10 06/09 | M11: ש11 13/09 | N11: ש12 20/09 | O11: ש13 27/09 | P11: סה"כ
A12: תקבולים מלקוחות — חוזים קבועים | B12: 5 | C12: 180000 | D12: 180000 | E12: 180000 | F12: 180000 | G12: 180000 | H12: 180000 | I12: 180000 | J12: 180000 | K12: 180000 | L12: 180000 | M12: 180000 | N12: 180000 | O12: 180000
A13: תקבולים מלקוחות — הזמנות פתוחות | B13: 3 | C13: 120000 | D13: 90000 | E13: 140000 | F13: 110000 | G13: 95000 | H13: 130000 | I13: 105000 | J13: 88000 | K13: 145000 | L13: 120000 | M13: 99000 | N13: 132000 | O13: 118000
A14: תקבולים מלקוחות — צנרת מכירות | B14: 1 | C14: 0 | D14: 60000 | E14: 0 | F14: 75000 | G14: 0 | H14: 0 | I14: 90000 | J14: 0 | K14: 55000 | L14: 0 | M14: 70000 | N14: 0 | O14: 80000
A15: החזר מע"מ תשומות | B15: 4 | C15: 0 | D15: 0 | E15: 0 | F15: 0 | G15: 0 | H15: 0 | I15: 0 | J15: 0 | K15: 148000 | L15: 0 | M15: 0 | N15: 0 | O15: 0
A16: תשלום לספקי יבוא | B16: 5 | C16: 0 | D16: -430000 | E16: 0 | F16: 0 | G16: -415000 | H16: 0 | I16: 0 | J16: -470000 | K16: 0 | L16: 0 | M16: -402000 | N16: 0 | O16: 0
A17: מכס ושחרור מטענים | B17: 5 | C17: 0 | D17: -86000 | E17: 0 | F17: 0 | G17: -83000 | H17: 0 | I17: 0 | J17: -94000 | K17: 0 | L17: 0 | M17: -79000 | N17: 0 | O17: 0
A18: רכישת מלאי לעונת סוף השנה | B18: 4 | C18: 0 | D18: 0 | E18: 0 | F18: 0 | G18: 0 | H18: 0 | I18: -225000 | J18: 0 | K18: 0 | L18: 0 | M18: 0 | N18: 0 | O18: 0
A19: שכר ונלוות | B19: 5 | C19: 0 | D19: 0 | E19: 0 | F19: -168000 | G19: 0 | H19: 0 | I19: 0 | J19: -171000 | K19: 0 | L19: 0 | M19: 0 | N19: -169000 | O19: 0
A20: ניכויים — טופס 102 | B20: 5 | C20: 0 | D20: 0 | E20: 0 | F20: 0 | G20: -41000 | H20: 0 | I20: 0 | J20: 0 | K20: -42000 | L20: 0 | M20: 0 | N20: 0 | O20: -41500
A21: ביטוח לאומי | B21: 5 | C21: 0 | D21: 0 | E21: 0 | F21: 0 | G21: -23000 | H21: 0 | I21: 0 | J21: 0 | K21: -23500 | L21: 0 | M21: 0 | N21: 0 | O21: -23200
A22: מע"מ — תשלום דו-חודשי | B22: 5 | C22: 0 | D22: 0 | E22: 0 | F22: 0 | G22: 0 | H22: -214000 | I22: 0 | J22: 0 | K22: 0 | L22: 0 | M22: 0 | N22: 0 | O22: -226000
A23: מקדמות מס הכנסה | B23: 5 | C23: 0 | D23: 0 | E23: 0 | F23: 0 | G23: 0 | H23: -78000 | I23: 0 | J23: 0 | K23: 0 | L23: 0 | M23: 0 | N23: 0 | O23: -78000
... A29: משיכת בעלים | B29: 2 | C29: 0 | D29: 0 | E29: 0 | F29: -35000 | G29: 0 | H29: 0 | I29: 0 | J29: -35000 | K29: 0 | L29: 0 | M29: 0 | N29: -35000 | O29: 0
A30: סה"כ תקבולים בשבוע
A31: סה"כ תשלומים בשבוע
A32: תזרים נטו לשבוע
A33: יתרת פתיחה שבועית
A34: יתרת סגירה שבועית
A35: ניצול מסגרת
A36: סטטוס
A38: קשר לפרקטיקה — מודול א׳: שימו לב שבשבוע 6 נופלים באותו שבוע גם מע"מ וגם מקדמות. זה לא מקרה, זה הלוח החוקי. תזרים שלא מכיל את לוח תשלומי המס אינו תזרים אלא משאלה.
A39: קשר לפרקטיקה — מודול ב׳: שורת ״משיכת בעלים״ בדירוג ודאות 2 היא הידית הכי מהירה שיש. דחיית משיכה של שני חודשים היא לרוב ההבדל בין חריגה למסגרת. ובמקביל היא משנה את חשיפת סעיף 3(ט1).
A40: יישומים נוספים: אותה תבנית משמשת להצגת יכולת החזר מול הבנק, לתכנון עיתוי רכישת ציוד לצורך פחת, ולהחלטה אם לחלק דיבידנד השנה או בשנה הבאה.
A41: תרגיל: עברו לתרחיש ״פסימי״. באיזה שבוע היתרה נשברת? מהי הפעולה הזולה ביותר שמונעת את זה?

Sheet 40_רולינג
A1: מעבדה 5 · תחזית מתגלגלת 3+9 / 4+8
A2: תקציב שנתי קבוע מתיישן אחרי רבעון. תחזית מתגלגלת מחליפה תקציב באקטואל ככל שהשנה מתקדמת.
A3: הלוגיקה העסקית: 3+9 פירושו שלושה חודשי ביצוע בפועל ותשעה חודשי תחזית. בסוף כל רבעון מחליפים עוד שלושה. כך התחזית תמיד מבוססת על מה שקרה, לא על מה שקיווינו בדצמבר.
A4: קו הבסיס הנעול נשאר לצד התחזית, כי בלי קו בסיס אי אפשר לדעת אם השתפרנו או רק הורדנו ציפיות. זו הטעות הנפוצה ביותר בתחזית מתגלגלת.
A5: יישום נוסף: אותו מנגנון משמש לתחזית גיוס עובדים, לתחזית מלאי לקראת עונה, ולהצגת תחזית מעודכנת למשקיע או לבנק באמצע שנה.
A7: חודשי אקטואל שנסגרו: | C7: 6 | E7: שנו ל-3 בשביל 3+9, ל-4 בשביל 4+8, ל-6 בשביל חצי שנה. כל הלוח מתעדכן.
A8: מקדם תיקון ליתרת השנה: | C8: 1 | E8: 1.00 = ממשיכים לפי התקציב. 0.95 = מורידים 5% לחודשים שנותרו. זו ההחלטה הניהולית היחידה במודל.
A10: שורה | B10: ינואר | C10: פברואר | D10: מרץ | E10: אפריל | F10: מאי | G10: יוני | H10: יולי | I10: אוגוסט | J10: ספטמבר | K10: אוקטובר | L10: נובמבר | M10: דצמבר | N10: סה"כ שנה
A11: תקציב מקורי (נעול)
A12: ביצוע בפועל
A13: תחזית מתגלגלת
A14: פער תחזית מול תקציב
A15: % פער
A18: מה זה אומר לניהול
A19: תחזית שנתית מעודכנת
A20: קו בסיס שנתי מקורי
A21: פער שנתי צפוי
A22: האם צפויה עמידה ביעד
A24: קשר לפרקטיקה: ברגע שיש תחזית שנתית מעודכנת אפשר לחשב מקדמות מס נכונות, ולהגיש בקשה להקטנת מקדמות לפי סעיף 175 אם התחזית נמוכה מהמחזור שעליו נקבע המקדם. זה הכסף הכי זול שמשרד רואה חשבון יכול לחסוך ללקוח, והוא זמין רק למי שיש לו תחזית.
A25: קשר לפרקטיקה — מודול ב׳: תחזית רווח שנתית מעודכנת היא גם הקלט להחלטת דיבידנד מול שכר ולתכנון מול רפורמת הרווחים הלא מחולקים. בלי תחזית, ההחלטה מתקבלת במרץ שאחרי — כלומר מאוחר מדי.
A27: תרגיל: הזינו 3 בתא חודשי האקטואל, ואז 6. איך משתנה התחזית השנתית? מה זה אומר על ההסתמכות על תקציב שנקבע בדצמבר?

Sheet 50_כלי_אשראי_לקוח
A1: ארגז הכלים · כמה עולה לתת ללקוח תנאי תשלום ארוכים
A2: הכלי הזה מגיע מוכן ועובד. לא נבנה אותו בכיתה. שנו רק את התאים בקרם.
A3: הרקע: לקוח שמבקש ״שוטף פלוס 90״ במקום ״שוטף פלוס 30״ לא מבקש הנחה, אבל הוא לוקח מכם כסף. הכלי מתרגם את הבקשה שלו לשקלים, וגם אומר איזו הנחה כדאי לכם להציע לו כדי שישלם מיד.
A5: הנתונים שאתם מזינים
A6: מחזור שנתי מהלקוח הזה | B6: 1800000
A7: תנאי התשלום היום (ימים) | B7: 30
A8: תנאי התשלום המבוקשים (ימים) | B8: 90
A9: ריבית האשראי הבנקאי שלכם (שנתי) | B9: 0.08
A10: שיעור הרווח הגולמי על הלקוח הזה | B10: 0.35
A12: מה זה אומר
A13: מחזור יומי מהלקוח | B13: =B6/365
A14: כסף שתפוס אצלו היום | B14: =B13*B7
A15: כסף שיהיה תפוס אצלו בתנאים החדשים | B15: =B13*B8
A16: תוספת המימון שאתם נותנים לו | B16: =B15-B14
A17: כמה זה עולה לכם בשנה | B17: =B16*B9
A18: העלות כאחוז מהמחזור מהלקוח | B18: =B17/B6
A19: העלות ככרסום ברווח הגולמי מהלקוח | B19: =B17/(B6*B10)
A20: ההנחה המקסימלית ששווה לתת עבור תשלום מיידי | B20: =(B7/365)*B9
A21: ובשקלים, על המחזור מהלקוח | B21: =B20*B6
A23: איך קוראים את התוצאה
A24: שורה 16 היא הכסף שתעבירו ללקוח בלי לקרוא לזה הלוואה. שורה 17 היא כמה זה עולה לכם בשנה, בהנחה שהפער ממומן באשראי בנקאי.
A25: שורה 19 היא המספר שמשכנע: כמה אחוזים מהרווח הגולמי על הלקוח הזה נאכלים רק בגלל תנאי התשלום.
A26: שורה 20 היא הכלי המסחרי: אם ההנחה שהלקוח מבקש עבור תשלום מיידי קטנה מהמספר הזה, כדאי לכם לתת אותה. אם גדולה, עדיף לממן.
A27: שימו לב: הכלי מניח שהפער ממומן באשראי. אם יש לכם מזומן פנוי, השתמשו בתשואה החלופית שלכם במקום בריבית הבנקאית.

Sheet 60_תבנית_ריקה_תזרים
A1: ארגז הכלים · תבנית תזרים 13 שבועות ריקה, ללקוח אמיתי
A2: אותו מנוע של מעבדה 5, בלי נתונים. הנוסחאות כבר בפנים. מלאו שמות שורות, דירוג ודאות וסכומים.
A3: הוראות: (1) הזינו תאריך תחילה בתא C10. (2) כתבו את שמות השורות בעמודה A. (3) דרגו ודאות 1 עד 5 בעמודה B. (4) הזינו סכומים: תקבולים כמספר חיובי, תשלומים כמספר שלילי. שורות הסיכום מחשבות לבד.
A5: תרחיש: | B5: בסיס
A6: יתרת פתיחה: | B6: 0
A7: מסגרת אשראי: | B7: 0
A10: שורה | B10: ודאות | C10: שבוע 1 | D10: שבוע 2 | E10: שבוע 3 | F10: שבוע 4 | G10: שבוע 5 | H10: שבוע 6 | I10: שבוע 7 | J10: שבוע 8 | K10: שבוע 9 | L10: שבוע 10 | M10: שבוע 11 | N10: שבוע 12 | O10: שבוע 13 | P10: סה"כ
A34: סה"כ תקבולים | C34: =SUMPRODUCT((C$11:C$32>0)*C$11:C$32*IF($B$5="פסימי",($B$11:$B$32>=4)*1,1))*IF($B$5="אופטימי",1.1,IF($B$5="פסימי",0.85,1)) | D34: =SUMPRODUCT((D$11:D$32>0)*D$11:D$32*IF($B$5="פסימי",($B$11:$B$32>=4)*1,1))*IF($B$5="אופטימי",1.1,IF($B$5="פסימי",0.85,1)) | E34: =SUMPRODUCT((E$11:E$32>0)*E$11:E$32*IF($B$5="פסימי",($B$11:$B$32>=4)*1,1))*IF($B$5="אופטימי",1.1,IF($B$5="פסימי",0.85,1)) | F34: =SUMPRODUCT((F$11:F$32>0)*F$11:F$32*IF($B$5="פסימי",($B$11:$B$32>=4)*1,1))*IF($B$5="אופטימי",1.1,IF($B$5="פסימי",0.85,1)) | G34: =SUMPRODUCT((G$11:G$32>0)*G$11:G$32*IF($B$5="פסימי",($B$11:$B$32>=4)*1,1))*IF($B$5="אופטימי",1.1,IF($B$5="פסימי",0.85,1)) | H34: =SUMPRODUCT((H$11:H$32>0)*H$11:H$32*IF($B$5="פסימי",($B$11:$B$32>=4)*1,1))*IF($B$5="אופטימי",1.1,IF($B$5="פסימי",0.85,1)) | I34: =SUMPRODUCT((I$11:I$32>0)*I$11:I$32*IF($B$5="פסימי",($B$11:$B$32>=4)*1,1))*IF($B$5="אופטימי",1.1,IF($B$5="פסימי",0.85,1)) | J34: =SUMPRODUCT((J$11:J$32>0)*J$11:J$32*IF($B$5="פסימי",($B$11:$B$32>=4)*1,1))*IF($B$5="אופטימי",1.1,IF($B$5="פסימי",0.85,1)) | ... O34: =SUMPRODUCT((O$11:O$32>0)*O$11:O$32*IF($B$5="פסימי",($B$11:$B$32>=4)*1,1))*IF($B$5="אופטימי",1.1,IF($B$5="פסימי",0.85,1)) | P34: =SUM(C34:O34)
A35: סה"כ תשלומים | C35: =SUMPRODUCT((C$11:C$32<0)*C$11:C$32) | D35: =SUMPRODUCT((D$11:D$32<0)*D$11:D$32) | E35: =SUMPRODUCT((E$11:E$32<0)*E$11:E$32) | F35: =SUMPRODUCT((F$11:F$32<0)*F$11:F$32) | G35: =SUMPRODUCT((G$11:G$32<0)*G$11:G$32) | H35: =SUMPRODUCT((H$11:H$32<0)*H$11:H$32) | I35: =SUMPRODUCT((I$11:I$32<0)*I$11:I$32) | J35: =SUMPRODUCT((J$11:J$32<0)*J$11:J$32) | ... O35: =SUMPRODUCT((O$11:O$32<0)*O$11:O$32) | P35: =SUM(C35:O35)
A36: תזרים נטו | C36: =C34+C35 | D36: =D34+D35 | E36: =E34+E35 | F36: =F34+F35 | G36: =G34+G35 | H36: =H34+H35 | I36: =I34+I35 | J36: =J34+J35 | ... O36: =O34+O35 | P36: =SUM(C36:O36)
A37: יתרת פתיחה | C37: =IF(COLUMN()=3,$B$6,B38) | D37: =IF(COLUMN()=3,$B$6,C38) | E37: =IF(COLUMN()=3,$B$6,D38) | F37: =IF(COLUMN()=3,$B$6,E38) | G37: =IF(COLUMN()=3,$B$6,F38) | H37: =IF(COLUMN()=3,$B$6,G38) | I37: =IF(COLUMN()=3,$B$6,H38) | J37: =IF(COLUMN()=3,$B$6,I38) | ... O37: =IF(COLUMN()=3,$B$6,N38) | P37: =C37
A38: יתרת סגירה | C38: =C37+C36 | D38: =D37+D36 | E38: =E37+E36 | F38: =F37+F36 | G38: =G37+G36 | H38: =H37+H36 | I38: =I37+I36 | J38: =J37+J36 | ... O38: =O37+O36 | P38: =O38
A39: ניצול מסגרת | C39: =MAX(0,-C38) | D39: =MAX(0,-D38) | E39: =MAX(0,-E38) | F39: =MAX(0,-F38) | G39: =MAX(0,-G38) | H39: =MAX(0,-H38) | I39: =MAX(0,-I38) | J39: =MAX(0,-J38) | ... O39: =MAX(0,-O38) | P39: =MAX(C39:O39)
A40: סטטוס | C40: =IF(C38>=0,"תקין",IF(C39<=$B$7,"מסגרת","חריגה")) | D40: =IF(D38>=0,"תקין",IF(D39<=$B$7,"מסגרת","חריגה")) | E40: =IF(E38>=0,"תקין",IF(E39<=$B$7,"מסגרת","חריגה")) | F40: =IF(F38>=0,"תקין",IF(F39<=$B$7,"מסגרת","חריגה")) | G40: =IF(G38>=0,"תקין",IF(G39<=$B$7,"מסגרת","חריגה")) | H40: =IF(H38>=0,"תקין",IF(H39<=$B$7,"מסגרת","חריגה")) | I40: =IF(I38>=0,"תקין",IF(I39<=$B$7,"מסגרת","חריגה")) | J40: =IF(J38>=0,"תקין",IF(J39<=$B$7,"מסגרת","חריגה")) | ... O40: =IF(O38>=0,"תקין",IF(O39<=$B$7,"מסגרת","חריגה")) | P40: =IF(COUNTIF(C40:O40,"חריגה")>0,"חריגה",IF(COUNTIF(C40:O40,"מסגרת")>0,"מסגרת","תקין"))
A43: השורות בקרם ריקות ומחכות לכם. שורות הסיכום כבר מחושבות. אם צריך יותר מ-22 שורות, הוסיפו שורות מעל השורה האחרונה כדי שהסיכומים יתרחבו איתן.

Sheet 99_פתרון
A1: מפתח פתרונות · כל הנוסחאות
A2: העתיקו את הנוסחה לתא הראשון בעמודה וגררו למטה או ימינה. בעמודה ״גרירה״ מצוין לאיזה כיוון.
A4: גיליון | B4: תא | C4: מה זה עושה | D4: נוסחה | E4: גרירה
A5: 04_ETL | B5: E8 | C5: המרת תאריך טקסט לתאריך אמיתי — עמיד לשני פורמטים ובלתי תלוי בהגדרות אזור | D5: =LET(t,SUBSTITUTE(TRIM(A8),".","/"),d,VALUE(LEFT(t,FIND("/",t)-1)),r,MID(t,FIND("/",t)+1,20),m,VALUE(LEFT(r,FIND("/",r)-1)),y,VALUE(MID(r,FIND("/",r)+1,4)),DATE(IF(y<100,2000+y,y),m,d)) | E5: למטה
A6: 04_ETL | B6: F8 | C6: המרת סכום טקסט למספר — הסרת ₪, פסיקים ורווחים, וסוגריים = שלילי | D6: =LET(t,TRIM(SUBSTITUTE(C8,UNICHAR(160)," ")),n,SUBSTITUTE(SUBSTITUTE(SUBSTITUTE(t,"₪",""),",","")," ",""),IF(LEFT(n,1)="(",-VALUE(SUBSTITUTE(SUBSTITUTE(n,"(",""),")","")),VALUE(n))) | E6: למטה
A7: 04_ETL | B7: G8 | C7: ניקוי תיאור — רווחים כפולים, רווח קשיח (nbsp) וסימני כיווניות RTL שהבנק משאיר | D7: =TRIM(SUBSTITUTE(SUBSTITUTE(SUBSTITUTE(B8,UNICHAR(160)," "),UNICHAR(8207),""),UNICHAR(8206),"")) | E7: למטה
A8: 04_ETL | B8: H8 | C8: סיווג אוטומטי לפי מפתח המיפוי — מחזיר את הסעיף של מילת המפתח הראשונה שנמצאה | D8: =IFERROR(INDEX(מפתח[סעיף],SUMPRODUCT(MATCH(1,--ISNUMBER(SEARCH(מפתח[מילת_מפתח],G8)),0))),"לא מסווג") | E8: למטה
A9: 04_ETL | B9: I8 | C9: זיהוי כפילות — אותה אסמכתא, אותו סכום, אותו תאריך מופיעים יותר מפעם אחת | D9: =IF(COUNTIFS($D$8:$D$108,D8,$F$8:$F$108,F8,$E$8:$E$108,E8)>1,"כפילות","") | E9: למטה
A10: 04_ETL | B10: B112 | C10: שורות שנקלטו | D10: =COUNTA(D8:D108) | E10: תא בודד
A11: 04_ETL | B11: B113 | C11: שורות שלא סווגו | D11: =COUNTIF(H8:H108,"לא מסווג") | E11: תא בודד
A12: 04_ETL | B12: B114 | C12: שורות שסומנו ככפילות | D12: =COUNTIF(I8:I108,"כפילות") | E12: תא בודד
A13: 04_ETL | B13: B115 | C13: סה"כ תקבולים בקובץ (ללא כפילויות) | D13: =SUMIFS(F8:F108,I8:I108,"",F8:F108,">0") | E13: תא בודד
A14: 04_ETL | B14: B116 | C14: סה"כ תשלומים בקובץ (ללא כפילויות) | D14: =SUMIFS(F8:F108,I8:I108,"",F8:F108,"<0") | E14: תא בודד
A15: 04_ETL | B15: B117 | C15: סה"כ תשלומי מס בתקופה | D15: =SUMIFS(F8:F108,H8:H108,"תשלומי מס",I8:I108,"") | E15: תא בודד
... A81: 40_רולינג | B81: C22 | C81: האם צפויה עמידה ביעד | D81: =IF(N13>=N11,"כן","לא — נדרשת פעולה") | E81: תא בודד
